<?xml version="1.0" encoding="UTF-8"?>
<beans xmlns="http://www.springframework.org/schema/beans"
	xmlns:xsi="http://www.w3.org/2001/XMLSchema-instance" 
	xmlns:aop="http://www.springframework.org/schema/aop"
	xmlns:tx="http://www.springframework.org/schema/tx"
	xmlns:context="http://www.springframework.org/schema/context"
	xsi:schemaLocation="http://www.springframework.org/schema/beans 
     http://www.springframework.org/schema/beans/spring-beans-3.0.xsd
     http://www.springframework.org/schema/tx 
     http://www.springframework.org/schema/tx/spring-tx-3.0.xsd
     http://www.springframework.org/schema/aop 
     http://www.springframework.org/schema/aop/spring-aop-3.0.xsd
     http://www.springframework.org/schema/context 
     http://www.springframework.org/schema/context/spring-context-3.0.xsd">

	<context:component-scan base-package="com.cts"></context:component-scan>
	<context:annotation-config/>
    <tx:annotation-driven/>
    
    <bean
		class="org.springframework.beans.factory.config.PropertyPlaceholderConfigurer">
		<property name="location">
			<value>com\cts\resource\constant.properties</value>
		</property>
	</bean>
	
	<bean id="dataSource"
		class="org.springframework.jdbc.datasource.DriverManagerDataSource">
		<property name="driverClassName" value="${jdbc.driverClassName}" />
		<property name="url" value="${jdbc.url}" />
		<property name="username" value="${jdbc.username}" />
		<property name="password" value="${jdbc.password}" />
	</bean>
    
	
	
	<bean id="transactionManager"
          class="org.springframework.jdbc.datasource.DataSourceTransactionManager">
        <property name="dataSource" ref="dataSource"/>
    </bean>
	
	
	
	<bean id="shoppingDao" class="com.cts.dao.ShoppingDaoImpl">
	<property name="dataSource" ref="dataSource" />
	</bean>
	
	<bean id="dateEditor"
		class="org.springframework.beans.propertyeditors.CustomDateEditor">

		<constructor-arg>
			<bean class="java.text.SimpleDateFormat">
				<constructor-arg value="dd-MMM-yyyy" />
			</bean>
		</constructor-arg>
		<constructor-arg value="true" />

	</bean>

	<bean class="org.springframework.beans.factory.config.CustomEditorConfigurer">
		<property name="customEditors">
			<map>
				<entry key="java.util.Date">
					<ref local="dateEditor" />
				</entry>
			</map>
		</property>
	</bean>
	
	<bean id="orderVO" class="com.cts.bo.PurchaseOrderVO">
	
	<property name="customerName" value="${order.empName}"></property>
	<property name="emailId" value="${order.emailId}"></property>
	<property name="quantity" value="${order.quantity}"></property>
	<property name="productCode" value="${csr.productCode}"></property>
	
	
	</bean>	
	
	
<bean id="messageSource"
		class="org.springframework.context.support.ResourceBundleMessageSource">
		<property name="basename">
			<value>com\cts\resource\locale\messages</value>
		</property>
	</bean>

	
</beans>